run_id,encoder,split,seed,config_hash,accuracy,macro_f1,date
task2_hin_indicbert_seed0,indicbert-v2,task2/H/hin/native,0,ad7b3e2d6188ef3c,0.803571,0.80343,2026-09-10T20:16:30+00:00
task2_hin_indicbert_seed1,indicbert-v2,task2/H/hin/native,1,0e23c0d9c1237a67,0.852679,0.851109,2026-09-10T20:20:52+00:00
task2_hin_indicbert_seed2,indicbert-v2,task2/H/hin/native,2,5eecc1718a6b0edc,0.821429,0.821414,2026-09-10T20:23:49+00:00
task3_hin_indicbert_seed0,indicbert-v2,task3/H/hin/native,0,5a9b91d2f1b0bbd0,0.3125,0.172316,2026-09-10T20:24:42+00:00
task3_hin_indicbert_seed1,indicbert-v2,task3/H/hin/native,1,439f8ef75782c29a,0.225,0.096863,2026-09-10T20:25:32+00:00
task3_hin_indicbert_seed2,indicbert-v2,task3/H/hin/native,2,3cfa977e0796d337,0.25,0.111562,2026-09-10T20:26:21+00:00
task3_hin_indicbert_seed0,indicbert-v2,task3/H/hin/native,0,3c26eb850cc022ce,0.2375,0.162002,2026-09-10T21:14:59+00:00
task3_hin_indicbert_seed1,indicbert-v2,task3/H/hin/native,1,0ff17fac80ff5047,0.25,0.171425,2026-09-10T21:16:22+00:00
task3_hin_indicbert_seed2,indicbert-v2,task3/H/hin/native,2,679af8829a83a21a,0.1875,0.124289,2026-09-10T21:18:38+00:00
task2_hin_indicbert_seed0,indicbert-v2,task2/H/hin/native,0,241c6ddff33229dd,0.821429,0.819355,2026-09-10T21:39:40+00:00
task2_hin_indicbert_seed1,indicbert-v2,task2/H/hin/native,1,e246d163f8ada87a,0.821429,0.820915,2026-09-10T21:44:44+00:00
task2_hin_indicbert_seed2,indicbert-v2,task2/H/hin/native,2,7e441ddd0cf95de3,0.830357,0.827664,2026-09-10T21:53:54+00:00
task2_hin_indicbert_seed0,indicbert-v2,task2/H/hin/native,0,241c6ddff33229dd,0.821429,0.819355,2026-09-11T05:03:22+00:00
task3_hin_indicbert_seed0,indicbert-v2,task3/H/hin/native,0,3c26eb850cc022ce,0.2375,0.162002,2026-09-11T05:04:04+00:00
task2_hin_indicbert_seed0__translationese_hin__hin,indicbert-v2,translationese_hin::task_2/H/hin,0,c4ce0eb8474f5fff,0.970063,0.969838,2026-09-11T09:15:06+00:00
task2_hin_indicbert_seed0__translationese_hin__hin,indicbert-v2,translationese_hin::task_2/B/hin,0,e508805267ee8742,0.896768,0.896405,2026-09-11T09:17:28+00:00
task2_hin_indicbert_seed0__translationese_hin__hin,indicbert-v2,translationese_hin::task_2/T/hin,0,68ee2bd3056621e3,0.917471,0.916982,2026-09-11T09:19:35+00:00
task2_hin_indicbert_seed1__translationese_hin__hin,indicbert-v2,translationese_hin::task_2/H/hin,1,637aceaa4353ef6c,0.938785,0.938512,2026-09-11T09:21:48+00:00
task2_hin_indicbert_seed1__translationese_hin__hin,indicbert-v2,translationese_hin::task_2/B/hin,1,285e64848bae2394,0.88061,0.880406,2026-09-11T09:24:10+00:00
task2_hin_indicbert_seed1__translationese_hin__hin,indicbert-v2,translationese_hin::task_2/T/hin,1,d8060245c2a7fb27,0.880309,0.880139,2026-09-11T09:26:18+00:00
task2_hin_indicbert_seed2__translationese_hin__hin,indicbert-v2,translationese_hin::task_2/H/hin,2,02c75704dd4e133d,0.952636,0.952368,2026-09-11T09:28:30+00:00
task2_hin_indicbert_seed2__translationese_hin__hin,indicbert-v2,translationese_hin::task_2/B/hin,2,bd7fbf6a6c8f2090,0.877917,0.877487,2026-09-11T09:30:53+00:00
task2_hin_indicbert_seed2__translationese_hin__hin,indicbert-v2,translationese_hin::task_2/T/hin,2,a7ffe7552e14cbfa,0.891892,0.891503,2026-09-11T09:32:59+00:00
task3_hin_indicbert_seed0__translationese_hin__hin,indicbert-v2,translationese_hin::task_3/H/hin,0,210d20f854fd9bef,0.768797,0.768434,2026-09-11T13:47:46+00:00
task3_hin_indicbert_seed0__translationese_hin__hin,indicbert-v2,translationese_hin::task_3/B/hin,0,4796afa31f9a6804,0.419173,0.381479,2026-09-11T13:48:04+00:00
task3_hin_indicbert_seed0__translationese_hin__hin,indicbert-v2,translationese_hin::task_3/T/hin,0,4b472de1bd953ae3,0.419173,0.37572,2026-09-11T13:48:22+00:00
task3_hin_indicbert_seed1__translationese_hin__hin,indicbert-v2,translationese_hin::task_3/H/hin,1,11275931db3f8dc8,0.68609,0.61468,2026-09-11T13:48:40+00:00
task3_hin_indicbert_seed1__translationese_hin__hin,indicbert-v2,translationese_hin::task_3/B/hin,1,06f0acf96fcd7b0b,0.481203,0.37535,2026-09-11T13:49:00+00:00
task3_hin_indicbert_seed1__translationese_hin__hin,indicbert-v2,translationese_hin::task_3/T/hin,1,530a9154b0020b83,0.458647,0.34924,2026-09-11T13:49:17+00:00
task3_hin_indicbert_seed2__translationese_hin__hin,indicbert-v2,translationese_hin::task_3/H/hin,2,ca6702fb7c0d900e,0.597744,0.399333,2026-09-11T13:49:36+00:00
task3_hin_indicbert_seed2__translationese_hin__hin,indicbert-v2,translationese_hin::task_3/B/hin,2,672c4c2e4d6e74a2,0.37218,0.240519,2026-09-11T13:49:55+00:00
task3_hin_indicbert_seed2__translationese_hin__hin,indicbert-v2,translationese_hin::task_3/T/hin,2,a6a4a4b34ad3b778,0.400376,0.257439,2026-09-11T13:50:13+00:00
